,건조 1존 OP_Avg,건조 1존 OP_Std,건조 2존 OP_Avg,건조 2존 OP_Std,건조로 온도 1 Zone_Avg,건조로 온도 1 Zone_Std,건조로 온도 2 Zone_Avg,건조로 온도 2 Zone_Std,세정기_Avg,세정기_Std,소입1존 OP_Avg,소입1존 OP_Std,소입2존 OP_Avg,소입2존 OP_Std,소입3존 OP_Avg,소입3존 OP_Std,소입4존 OP_Avg,소입4존 OP_Std,소입로 CP 값_Avg,소입로 CP 값_Std,소입로 온도 1 Zone_Avg,소입로 온도 1 Zone_Std,소입로 온도 2 Zone_Avg,소입로 온도 2 Zone_Std,소입로 온도 3 Zone_Avg,소입로 온도 3 Zone_Std,소입로 온도 4 Zone_Avg,소입로 온도 4 Zone_Std,솔트 컨베이어 온도 1 Zone_Avg,솔트 컨베이어 온도 1 Zone_Std,솔트 컨베이어 온도 2 Zone_Avg,솔트 컨베이어 온도 2 Zone_Std,솔트조 온도 1 Zone_Avg,솔트조 온도 1 Zone_Std,솔트조 온도 2 Zone_Avg,솔트조 온도 2 Zone_Std,불량단계
97,69.4977261479753,3.2745774114452324,20.31046284570548,3.4909909408270505,99.99914280361862,0.4352369141540043,100.0011232921878,0.4014383545710326,67.86496492320408,0.5663350972571265,78.86898575828948,24.66420714702504,55.436257515315006,2.842392481262892,53.28679616808979,1.8248142478289586,70.3084989181028,1.7309442055535225,0.4501935729422898,0.0037546543044165636,859.0383353906101,3.5447017743662506,859.9737616536846,0.5714978296115125,859.990552938383,0.3512325729306225,859.9905509060192,0.3041681429742626,284.6996588404511,9.601850173101354,280.4119357782228,6.940008547957685,332.11126551132185,0.1522532064270393,332.71247392027027,0.15302563329416155,안정
125,68.77670040310541,3.5485872965088143,16.547671539011645,4.161717259603499,100.07775967629091,0.39406236025214975,100.10713411989211,0.29158935716595275,69.61422002836667,0.8121414041291574,65.4546892976187,22.056260204001962,58.18074605106002,2.038217773490026,56.74268380113467,1.57970549981625,74.08338254329651,1.5975541210771045,0.4500082922514183,0.0022209856425889993,859.8892676545237,2.226626549675247,860.0227103239772,0.3442442311503022,860.0067211854285,0.2620971282526307,860.0070629292326,0.30370049604674476,285.0071498208421,9.239151586778478,280.6467336145118,6.650701224110895,332.1232153627949,0.22598499104203623,332.09365844281876,0.3299121152730806,위험
11,73.50291334274903,2.645736760664394,21.218347243511165,2.2182160659147154,100.00661514120193,0.3877971365496408,99.99268585675524,0.28137337701756643,66.22099477162502,0.7549558741045619,77.30300476692427,18.340751072156817,45.96868553003251,2.2284607764853295,49.838418784309546,1.5362988493491132,70.1452607791931,2.0589951962151756,0.45001187126259123,0.002590016594070816,859.5488887971006,2.4720045644503177,860.0043955202639,0.3288239551205847,859.9903742535645,0.22578480828501518,860.0013804029206,0.4020504732577538,283.12044800938014,9.426412534088398,279.11090787601006,6.064772169483051,332.18288738474655,0.09932218678809107,332.40726136785895,0.10744041822197103,안정
129,68.06251347296603,3.4390853003095074,4.3664977496138215,3.7276348006816344,100.04038686816816,0.41843929241594163,100.1395760692539,0.33449182153112095,69.24270710450834,1.4350710209130912,74.27689403776685,21.31561459904654,57.97148619690412,2.062837626037999,54.22380641185533,1.678283885260108,71.72086856063385,1.7825463582875665,0.45005763722397474,0.003133305305357122,859.5829193749541,2.3441527102574002,859.9791832802745,0.43702642996509183,860.0157697049265,0.3073929980467925,860.0057904012432,0.3603248336825913,285.07475867507884,9.47596443892811,280.79005592589385,6.699134083624906,332.27792333651234,0.12180843025924003,332.2615676032573,0.18419602164893617,안정
48,68.82029930126438,3.946638014678203,19.902113421903223,3.765778348704377,100.07193009065432,0.3679709891601205,100.0974525382641,0.2917879990250118,65.51248653864435,0.3487730450352883,61.63315292999175,26.910766088175933,50.826249206198305,2.5850299967481596,53.57196817663276,1.6719757434309364,68.21534022720792,1.2722092411643127,0.4293213347751687,0.04884049686506708,860.232668884875,3.801886452382693,860.0404545723654,0.42968203485373285,860.0004083087746,0.2653472755315842,860.0066183097254,0.2117948971015242,284.16600516453946,9.847215951903653,279.58726764196774,6.606965658643135,331.9432228094797,0.18911781862898086,332.50306852822314,0.35942801099467314,안정
13,71.93332154225038,2.6564847279776536,21.904305425226475,2.2494005392268472,99.99722162764219,0.397989272006272,99.9958707068957,0.2645025109520902,68.02967381689025,0.6865841002087738,75.42892490942528,18.904444017769457,44.847377679322804,2.09815198637435,51.15007878199099,1.5683593919481715,68.7415037324885,1.6076279913108622,0.4501316240037622,0.0027139045857077215,859.5848450943023,2.060538859385508,860.0112440225732,0.3740612596377789,860.0013198851541,0.2597498061177709,859.9984484307708,0.29924396295548067,283.04209868323346,9.453826818495786,279.3398174595317,6.292982487225137,332.18645069551013,0.08713965609842457,332.4037922008811,0.10177333889032973,안정
30,69.24048442334298,4.043351347058619,19.070116584077475,3.919550328521224,99.9359313545466,0.6633187629358249,99.93591705574444,0.5777185986117143,67.32839562000498,0.2800280290439587,73.0853185347755,26.828241351666023,54.01428503961766,3.4399135445427502,52.24885992956861,2.010935954157619,69.8441997107282,1.9370144620852825,0.4506561632499057,0.0025494705458513375,859.1318133515771,3.7628288954740023,860.0058905169161,0.8091185549910932,860.0048473776884,0.4439130833168256,859.9990779776128,0.4229488438151968,283.70635517544963,9.709069203416451,279.7680623192051,6.083780159751564,332.05659464218337,0.1047160329234668,332.1767853100239,0.0772706539723914,위험
99,68.88060629655905,4.004251755174298,18.768533437093534,4.041460594320054,99.9930490935299,0.5546108776839436,99.99092766938631,0.4728480436031734,68.27700898959442,0.5877154980044775,71.94834894902093,34.20379537196434,56.65659743407828,3.58186216556423,54.22007284793662,2.083698589747694,72.17682915927634,2.0181892215715496,0.4500626806491664,0.005163331751554141,859.2003080399422,5.618330111912481,859.9969343494645,0.792032308126026,859.992655167317,0.44673673149560844,860.0021240823976,0.4272185757986812,284.98677805368334,9.52154063348673,280.3874568687228,6.639189423596641,332.032492028177,0.20202788198711227,332.5208251976775,0.15981123169927153,안정
91,69.13582093975569,4.680180086019754,19.53509147487507,3.875898971637299,99.96678725013881,0.7442609667502375,99.98259447671072,0.5127253907375033,69.77327127290394,0.26681808666848134,78.38945557218211,31.79270967675363,56.644685931426984,3.9054564765545634,53.53916766379789,2.318491969299325,71.44480950860633,2.3227817325266575,0.4498723706274292,0.007485487035071166,858.4964511642952,5.898339310561873,859.9728813159356,0.9412165324095143,860.0130841199334,0.5338358083526625,860.0036863866841,0.5352586200995512,283.69221883361627,9.5488107569864,280.4671458186531,6.873129408316219,332.08335161021654,0.12053717973909138,332.4824634020515,0.17361804619078344,안정
112,69.07264375852661,3.9033399461063873,22.50339341518872,3.1413162184889205,100.01036640218202,0.607358240081015,99.94651651547007,0.48205693813045164,69.28337053678413,0.5826488240079972,77.97062653503727,27.68083411770106,55.905109566848566,3.0714252647620253,55.05399780013642,1.9186015208281815,71.68319352546612,1.7759365849560937,0.45005061857662576,0.002662793440260548,858.9139578738504,4.76295036539723,860.0126482825626,0.6985294867284323,860.0050811646119,0.4189654367185683,860.0014567109678,0.39362999910468366,283.22204998312657,9.111616192956175,279.14132762913357,6.594670871631274,332.0154146273407,0.09837718986757786,332.4924060177549,0.10530173478569771,안정
84,70.55346480744748,3.324819671467103,22.182835948970933,3.1284598035975755,99.99546075077407,0.4953690379588951,100.0145712099512,0.36267806808491254,68.7271217686774,0.4514031009676715,82.14778420347974,23.81262851436035,57.27826549437726,2.753295116991584,54.4248054503501,1.7214694748420754,72.67384621525568,1.850355851874357,0.4501344593411839,0.003917812613487076,858.7147856726076,3.9963621007424526,859.9976854303816,0.604430611017402,859.9941589855562,0.340100491541766,860.0021128627742,0.3328160622225708,284.74508573762944,9.581635014127437,280.2630596476542,6.905369098900219,332.04202614200995,0.17787684275007093,332.69289017080416,0.16608058374306608,안정
77,64.60587381739573,5.14209285985598,16.088287263479145,4.677248436005714,100.15865591302136,0.5371454995306479,100.07581862919635,0.5128650644559366,66.54527647507629,0.47455933218690327,51.43222263479146,3.2269717842425356,50.74803042980672,1.2299110703273042,56.19972315615463,1.5358673024906009,66.45679792726348,0.975025852613155,0.3583977871312309,0.08561711556507705,860.0167220721216,0.09710598262568004,860.0381591539729,0.16715284293093963,860.0558246052524,0.2182633873091188,860.0297573650422,0.10023020288266482,285.6011969292448,9.333972669006704,281.4012119786368,5.994988328377429,331.66818578331635,0.08583789739187767,332.08442243133265,0.10199532157135231,위험
64,68.45191202028026,3.9420909144493566,20.215322472009017,3.818376758826664,100.04012109358496,0.5465124177308929,100.05546840928798,0.43480876205611274,66.19997605742928,0.5227156870592018,71.85706516213646,34.33306662469019,54.44771722766002,3.8440015940656993,52.908120878811346,2.1681727839333798,69.84317266389691,2.0495251626668183,0.4501552046686853,0.006115276699579604,858.7038946553059,5.99914208210342,860.0057924794029,0.8739939598341963,860.0093984226463,0.4743940477239157,860.0066700394108,0.4225220672188669,284.7604558833885,9.714674732707067,280.062419407084,6.829306792502876,331.8272908597986,0.10560403283159357,332.55231304133514,0.11799461005379354,위험
44,70.5045887205973,3.0589479520159486,24.639218792808897,3.2793351485452527,99.98919616810946,0.3893513251238991,100.00689675947521,0.38011046159313033,66.68479941802475,0.5084184405738224,81.6395588264122,22.729217119860056,54.09911673897053,2.3132707478102676,53.98814669056583,1.6629882469237858,69.96962996939114,1.5585375551674874,0.45016250466646635,0.003082730325913645,858.2027185966591,2.7913692823403378,859.9580829582138,0.4858982693562286,859.9967891693025,0.3170708134968422,859.9956116869387,0.27518522648571764,283.7275269325644,9.585816318814976,279.6439700060901,6.7239673866550795,331.96904130267245,0.11752107794546472,332.5990230858169,0.15847796745692908,안정
29,69.53657955655625,3.5141691111265625,18.29824221747316,4.046010318173143,100.02292799190963,0.43026952143601327,100.01625977331705,0.4362082259296832,67.59506609296291,0.30221181875670033,74.20987648935022,23.343249731853117,54.76857301429807,2.9574209584663294,52.72822039128886,1.7475149238037686,70.19479794306213,1.6487765878326668,0.4502647934284842,0.002201266614607279,859.3901957382482,2.880924429169746,860.0143863150663,0.5849791466443305,860.0036765379332,0.3087306198227869,860.0018002976645,0.312830525392978,283.7625805220577,9.560041681317246,279.72355896046406,6.487853320343942,332.0331950083957,0.1044676494957393,332.22925267134787,0.13416672593838763,안정
21,71.05406964055449,3.872642253825381,18.840702902159897,3.2395400183110055,99.96515167633784,0.5777292268377326,100.0040551499033,0.44341495625097227,66.20082790135396,0.2481524369974714,71.96580126566731,24.706431705667462,58.1259917311412,2.33179424824507,53.447551136363636,1.4355375633972538,70.580303207608,2.2569148046407337,0.4501997003546099,0.0030361071280741035,860.1327826704678,3.380794762598319,859.9790847840103,0.4793307104052786,860.008155129582,0.2722430300403718,859.9703871630151,0.49576797046437765,282.7810164654386,9.647887089416043,280.07677159535405,6.054240595631972,331.9354247580193,0.09693542652966414,332.3724552780686,0.10645692399072974,위험
16,70.87149219537632,4.329938500902268,18.662549665391968,3.8744328386446667,99.97851972883713,0.7060916862803558,100.00492889276458,0.531558945724493,65.68124368155745,0.46443054816852253,75.7328613320919,24.562731417555487,56.86199165652703,2.96682744592989,53.65154654962629,1.8810774081036663,69.60729469841822,2.1783677683022655,0.45045214470710937,0.0036713241576266185,858.9103109211184,4.08398243978842,860.0140411344881,0.6945319256224556,860.0229631364377,0.4154010149920628,860.009855332813,0.47893758359689126,282.64309890491916,9.487190469219989,278.5624567748755,6.185953849303855,331.9354772697579,0.08287971447646582,332.1140898661568,0.05877783946553928,위험
127,69.23284955347299,3.9584842821657533,18.067834168136713,5.337838982484815,100.00272004961411,0.4427584409193685,100.01125599228224,0.4969980923366296,69.9922768246968,0.5123881897186459,60.206261097475185,21.626291644688134,57.14984435501654,2.519219672749336,55.76288894707828,1.921790823382945,74.10675075523704,1.9351334274745542,0.45003522276736496,0.0034164615146579334,860.2372212789415,2.465697153794215,860.0483289966924,0.39370389900530905,859.9786556780595,0.2880548361315052,860.0004272877619,0.3630082415560186,284.08860992282246,9.134354517092312,280.1891176957001,6.3696331613238515,332.01947138919513,0.25019276399552876,331.8528336273429,0.3233919218088535,안정
27,70.5423975993812,2.2076984578955634,19.89916712109911,2.195554566742635,99.99043997486119,0.30911951751872696,99.9780051382738,0.2654357643015908,66.71981736165804,0.48663535488376397,77.88460751315506,17.578605616489902,56.13434924583552,1.5989133005009066,52.87389473604243,1.2203458006091588,71.18388649686456,1.3612812978111182,0.45006738353269427,0.001873621585854472,859.3942555307713,1.7648559485551756,859.9983376953384,0.30894870700016375,860.0051934583828,0.1864974846404537,860.0012219536451,0.2241854421624657,283.18893553689327,9.667909636964204,279.47096236984055,6.593512358837855,332.01160794951755,0.0866094217261544,332.32312646339346,0.06226732815941013,안정
35,70.52554764757092,2.569689656045071,21.248398381222184,2.371311238303785,100.01088782970719,0.2984736249325443,100.01983670441264,0.21743224133856176,67.2411989108416,0.5076375108934875,76.73528661658028,20.01148109898357,56.49024945581941,2.0689788539181566,53.963133711652844,1.4245958522620725,71.05177262797929,1.773469926132925,0.4502952258420409,0.0036671144487667893,859.4076865080409,2.0569182605022016,860.0045835310831,0.37781514175863345,860.0075794901476,0.23020249585269378,860.00210700286,0.30664701532559735,283.7535755351521,9.578881908028636,280.0830970552384,6.3373385358124805,332.0412201599537,0.10444557668130233,332.4264227065849,0.11996058267089262,안정
55,70.90914446239718,2.0160865959516596,23.452174405111634,1.7957371496432748,100.00499586321924,0.24609224583835962,100.0582879619675,0.23855633439833063,67.25062609673226,0.481403386664305,81.71398112863544,24.239435139229666,55.553985153495894,2.155824196064141,53.659966087690954,1.540231718121434,72.15842421415981,1.6467494537193264,0.4502591281580493,0.004570869463660897,858.6763063078425,2.721030352228561,859.9772167043706,0.4175758428753655,859.9860511107466,0.2699839472179836,859.9863230360859,0.27957564587091827,284.3228665540541,9.509166103656352,280.57400001114263,6.971913688650326,332.0926247404402,0.10589433401090481,332.64831159641295,0.0843836378635592,위험
89,70.73899785464098,1.867962472953936,21.93960026667728,1.7304277387394862,99.99691128801146,0.23749356324192447,100.0189644976974,0.14064384593201093,70.01237556917688,0.6016025386171486,85.92361077416017,12.982316439961151,56.606712601496575,1.4942660411676496,53.45827305365387,1.2811376361383944,71.07700486785544,1.0950749527502501,0.44998809584461075,0.00289238178229301,859.4676517539846,1.6418195246490002,859.9828343416654,0.27290976094928177,859.9765470007902,0.2165490039205279,859.9795264289127,0.16076768532470803,283.919820078474,9.477327257804994,280.71583345214606,6.606501742118133,332.267965570769,0.09554384049496155,332.70596605199313,0.07841167034968331,안정
134,69.99180898272434,3.564121765794053,16.868627715560528,5.317683015981985,99.99073191337311,0.3818926559394724,100.00236847812577,0.37805970254768845,69.46069412440964,1.0199853569717068,73.93389228537286,22.245103659459833,58.32979723154362,2.3541184576146192,55.09901533059906,1.7557952219979556,74.26854294059159,1.9368099710326203,0.44947059284116336,0.006010449251874505,859.4064223837933,2.331406856491039,859.9981178279172,0.4518663966840939,860.001996936099,0.32398507189988596,859.9918210601542,0.3430282014567946,284.7814576591835,9.2707489355987,280.5111532438479,6.78369689902249,332.15065451777275,0.1585429098665908,332.08861757394976,0.23781802849240663,안정
59,69.79791862389787,3.1943597774672647,22.478884712328565,3.2697894193859196,100.00461806261659,0.4483795591422468,100.00816815167819,0.38623092185132957,66.81184239037036,0.5042201964684241,76.49725024080597,28.92862095285078,53.90202612745074,2.7565823806471754,54.90554120463028,1.7984233311058764,70.56537374752283,1.7839468054422871,0.4504531000727784,0.004408506045052553,858.7300416469478,3.9277593711531265,860.0017557202359,0.5947849382165218,859.9924523493987,0.3521478466931123,859.9928956634512,0.3254274497906735,283.68451098068914,9.540584710098639,279.7058993427814,6.085889011007189,331.8306667658355,0.11508494770241645,332.5039233876057,0.15266736101666878,안정
94,69.13071199729349,3.682038170337248,19.831247563075888,3.557240656266697,100.00123536061996,0.5177270880988708,99.99752823160114,0.4340427580729859,69.82764292861172,0.5462879090892768,80.34858877456352,22.69383396728554,55.64684174735312,2.795614217070322,53.715832558906875,1.861473255809525,71.79616877172292,1.813867554501999,0.45023861123917897,0.0035781908317276414,859.1970694018686,3.683659808914563,859.998516028916,0.6110424081087336,860.0050896093385,0.38032031718938036,860.0042733221999,0.35141123503103533,284.85372276037964,9.638048543251553,280.39983460651837,6.754996681385852,332.1118239285218,0.13265045224061608,332.52054378939107,0.15274867307607662,안정
96,70.25394702798717,2.5531323301531588,19.101046557707303,2.5739963610274175,99.99775644441557,0.3424135506512441,100.03788893900655,0.2936499709574631,68.53851879603154,1.1080050033989155,83.28396103183,22.131485990470452,57.37571072480721,2.6025797244416062,54.34576844077636,1.656327227686754,72.27840271856859,1.486648654922244,0.4501459378736678,0.00304474724397364,858.7520157265401,3.8728573360786185,860.01503327268,0.5609431967320136,860.0079293388787,0.3369452970350615,860.0096945022095,0.2802635571675165,285.0236033705918,9.498042666278037,280.8194076336539,6.908875466324469,332.06799514773417,0.11540525724789728,332.70700108309507,0.11986517408015884,안정
23,71.92551780694173,3.3292583342699174,19.549908195423736,3.7699459439908796,99.99494842030627,0.42351111996303176,100.01196915162735,0.37643704782005,65.73967099538521,0.5657619077908743,72.16628358453805,22.6259327949437,57.19628548423782,2.6484592238515607,53.0016491447937,2.0075802002589263,70.10168997634536,1.7259942066601945,0.45014571546194787,0.0030243903712892854,859.7906253923486,2.8648539129307826,860.007065632235,0.5025139114910154,859.9953216927526,0.33572199050668844,860.0012878219087,0.347373562658616,283.7829544410395,9.611808805510174,279.59297435863436,6.623612450851983,331.848125187645,0.1274451204779102,332.440423579363,0.22501815388901528,안정
74,65.73965493104554,4.842625186053194,21.545067636505774,4.156583953488593,99.99574235487493,0.3739376696738316,99.97062934854374,0.3700657459030286,65.27899697923348,2.02721877144308,68.76315645521167,23.582025987835642,54.13228245469852,2.4991359052209035,56.90774678078896,1.5503812391764056,69.10679165530789,1.286480679532147,0.4501706994066709,0.0027237691441871496,859.6170880831451,2.932380780903172,859.9989108402822,0.4384692005091446,860.0014584469212,0.26288901680251914,860.0014183663275,0.2274622927464462,284.0425396017395,9.55379146241833,279.47029565530227,6.416471094745998,331.7843434894163,0.2768361824607125,332.3601755672057,0.4311497030515305,안정
121,68.59613450061435,3.418151714509324,24.036076875548538,3.8109125529649597,99.97820798007724,0.49077754040885824,99.9856890841671,0.48170507347437785,68.35345794497104,0.4233804267927339,73.08297979993272,30.422611733900183,54.86913471563982,2.846616832572933,54.60526895442045,1.84951059834114,69.92408889035165,1.6391617908817226,0.4501667526037096,0.002918891027439294,859.2865448262244,4.446874940051417,859.9997543443917,0.6102458433697707,859.9968108068574,0.35651307892178397,860.0059987712831,0.3215458514147949,284.2670078111287,9.307768159781011,279.9787390219999,6.730450652406173,332.12007280147446,0.12352253902423829,332.0903868702826,0.1197122462079621,안정
18,72.5886531203507,3.6311523103487353,20.663013769128586,3.4964167454638266,99.99413698326249,0.4604726924791548,99.99308605871414,0.3701852477486704,65.15502089266737,0.7798104184426994,74.13569456174017,21.010054831896113,58.818273267800215,1.8317594779171558,52.661133502922425,1.3601296822486963,70.92632591392136,2.080694169041813,0.4494009953639745,0.005135409716072987,859.6877682252923,2.354420574772924,860.0082022051009,0.329969705402009,859.9963575451646,0.20276883631170037,860.0019833687567,0.37456853803174844,282.9341833156217,9.3729120657447,279.1032302823023,6.163444963084795,331.9143710812965,0.13266140217893224,332.1087692481403,0.2355749140847314,위험
108,69.76355104260989,3.5720911890059406,22.58249827945199,3.6194245222560424,100.00544431416242,0.5087257742936351,100.00023283106961,0.4413853864783087,68.61032238522213,0.5275706483112048,77.86787460774488,28.44079688641793,56.28185805702934,3.11352333558054,55.053025171783624,1.8157623043743614,71.86170000406763,1.7275631302929482,0.450142896123373,0.004541577739585439,859.0809471561969,4.406315576607109,860.0019995107056,0.6544264249969584,859.9996260380536,0.3627807443759349,860.0063704725522,0.3281014795246515,284.75841398438973,9.25333928707431,280.1794396222411,6.784386722109698,332.15321169702656,0.14350545951966323,332.31573968060275,0.18844664677828304,위험
119,69.34838815279677,3.4593713124552647,23.23180554774928,3.391647569168061,99.99891427877446,0.46290089919880767,100.03889244596027,0.4319616502162661,68.25380044246924,0.7925759683920852,74.96722665127955,31.924056976332064,55.00015179803998,3.413577416040274,54.311823919873675,1.9799500128282344,71.27804460099628,1.7603006085152177,0.4501171253907013,0.0023575334616602922,859.4083734921398,5.736990105744888,859.9847300885633,0.7028844425126244,860.0048594496284,0.3951671300622406,860.0085972665399,0.36004643825211863,284.24310259091527,9.210969269686046,280.1839051816761,6.765097455145406,332.1595842188823,0.12328323555008547,332.0255291901132,0.14168747684505686,안정
78,69.5845163141219,2.9209303253200005,18.50643717335546,2.3239622210512074,100.00922652304142,0.4254783360423941,100.02269650633902,0.2818835162439358,67.8298478153289,0.8226773803153445,81.11026978031624,23.230165890052476,57.4127548008449,2.33902672991655,54.18553833283042,1.6839155035047046,72.68950476161739,1.7551398443316022,0.45014831825588414,0.004297268079799331,858.7287500069159,3.171733725554002,860.0107284097768,0.472222879230687,860.0101189000559,0.3100599276785176,860.0102749082482,0.31089055472880345,283.64008744193694,9.42452094149708,280.03950991249246,6.011513149858001,332.04954550392273,0.09739645647032838,332.80447055512246,0.11795789877771867,안정
6,73.32886178835895,3.5112442546020626,22.591391760888605,3.0760806319214256,100.04757638136739,0.36966612237114127,100.06072600923639,0.28521969944705583,69.89815596385063,0.36794753058314145,63.77451177176261,20.546980283635197,44.79122304190886,3.4104943094079987,47.31847561111553,3.0063324440886605,69.19209395917935,2.1814211787516418,0.34109122942113224,0.14380724283869226,860.2589996815034,2.0435339690393066,860.0559418579044,0.39021028406022323,860.0501572914982,0.3171724630735859,860.0030104888664,0.3835114880918341,282.6422401326372,9.388820982327754,278.76449857884523,6.1755729433500095,328.83188470147576,0.2936063640654196,328.94564455768773,0.3755671666058515,안정
61,69.97934542998745,3.399047890308028,21.871606131139767,3.51015811987336,100.00338077944154,0.45764134929228656,99.99916220744741,0.40370017215359266,67.01681841896023,0.4324978684535637,76.2421766531922,29.220361397397536,54.36189016091847,3.0733953852492024,53.93797427368631,2.0021445704818635,70.57904285065555,1.9109444934864093,0.45048390322027476,0.004317077350485073,858.7592754872965,4.251724498929201,859.9946394132279,0.6542481795565879,859.9972638660936,0.38401801145497977,859.9946997212378,0.3525826487451655,283.9578377078849,9.586586253657925,279.7940613898804,6.4815675110940205,331.77276416244575,0.12686421341240978,332.4900605504473,0.12233220555890047,안정
81,70.17666545763181,2.6511597255956554,23.976559031386405,2.4253826278605204,100.01514717477953,0.3983136950910497,100.00264612000278,0.28612221440467106,67.7675833708552,0.4459077303695252,80.33780938551892,23.88352131566558,57.20333112312063,2.439609904799596,53.924103377676154,1.805211829667765,72.33286374974018,1.775862624076431,0.45028892908612206,0.004750179969342477,858.2796233631261,2.9920688637014883,859.9724709101857,0.5593016509134631,859.9948362086885,0.390222964089703,859.9872665232226,0.3463769051988067,284.9105142607767,9.535702507683094,279.80815491068097,6.230644607420088,331.9974112450634,0.07267618621161073,332.75113163225797,0.06740835059293489,안정
71,69.24677880811582,3.1381600850988205,19.360898754842985,2.8889844863822454,99.99404242065624,0.45199375404647346,100.04568904313187,0.3737855970767101,67.46981791096825,1.108550769096257,79.94831441158748,23.779747328530174,55.346101019575855,2.5327848665112067,56.037060588295276,1.6013236101275903,68.4767446497757,1.4884612845325937,0.45027431846451876,0.0040803683227562376,859.192671620106,3.6670337914216455,860.009260738515,0.5745331720830152,860.003004762639,0.3270315803411334,860.0008811429445,0.28918621896560265,284.18277096889227,9.672420048719381,280.7072268046493,6.7434818036299475,332.1059711068983,0.0934256214658311,332.75595492701774,0.12095793053093194,안정
1,72.2356427701331,3.3649996809066676,18.602562909617266,2.8597414051047334,99.98743087074217,0.5154287060229595,100.06503176554628,0.3561416234881782,69.59118309647342,1.064199529491109,74.89786330320779,23.405271631455108,59.16894587938943,1.9202662094859924,52.01430575983157,1.4977019147654484,70.639730483495,2.239807247415021,0.45019231382058805,0.0027780908343435517,859.3332682532522,3.0190488003969054,860.008571095571,0.40347326251214816,859.9897526881721,0.24106574244086937,859.9917650575231,0.4804989290682019,282.78815553801036,9.499564747198965,279.77231611399355,7.161542153728771,328.9986151966313,0.10121948005061375,328.92415102639296,0.0891184426063464,안정
56,68.63146706317886,2.9960151969333904,18.80291714191754,3.0303392827710325,100.02394213641496,0.32587878270780574,100.03499074867517,0.22986243725648273,68.58815198631939,0.5340475314851119,78.87351484514977,26.14140952056034,56.38352511181269,2.1834779978107908,54.7593032622994,1.503879441072263,72.59700830608487,1.4407896339031363,0.44917016576464835,0.0075133907443513115,859.0724646780013,3.2250506467482274,860.0007265005449,0.4261151658475706,860.0013261809188,0.2669290437731584,860.0053188182331,0.2578591360000021,284.5423310782877,9.624663820951723,280.2222155635735,6.725009201320919,332.11985868380503,0.12025300254853614,332.5227687535494,0.2596821976008465,안정
19,71.46681695162941,3.1534170825280587,19.305044116371963,2.8500040040352372,99.99790315407472,0.48037130636841846,100.00676380729699,0.338426199280442,66.5588939110195,0.3539270119280632,72.90005910983975,24.868308362340805,58.191049632227575,2.386989927176481,54.2510933045935,1.5557982153215995,70.98589484631496,1.825291228976624,0.45009209552340596,0.0033130879701316947,859.4107248282917,2.7998660834150795,860.0047681228225,0.5099770207413312,859.9900736762629,0.3144039833346923,859.9918552028519,0.3742818795676707,283.57903900948855,9.50284108703226,279.60783743249635,6.570204866875959,331.95307018037494,0.10897268474658015,332.2704269909279,0.09498361795005257,안정
9,73.20318195662206,4.612109841222266,23.659397425011537,4.536045491438655,99.99882411711883,0.7583884134158185,100.04615748276387,0.5985285913461417,64.65583624632053,0.30183689243148815,73.44903721392501,21.736450546931678,43.31183999769266,2.397217993582962,52.227778461006,1.4673247858708631,70.21659548915551,1.8333502848467258,0.4498073316797416,0.004553643536844043,858.7893880941394,2.8602080038801856,859.8996084648921,0.4430072597412552,859.9213361790494,0.2619107255841958,860.0106249953099,0.41653947524650337,280.9212241578219,8.780205024813105,279.9445801397921,6.292730131967518,329.0423617589611,0.15148536109462538,329.49516529615073,0.10638981279893503,안정
60,69.39563138635904,4.39394480055505,23.21401862983202,4.750845800292124,99.92690809640331,0.6743373491795503,99.86934179530405,0.643440522288323,67.49483047821435,0.7503714927793053,77.94713059155345,29.655180131207935,55.558031641368146,3.7598379011628817,54.552214430277274,2.343785356497958,70.89100750252986,2.1978272607378915,0.45054705235782233,0.004365559272372334,856.5440433285443,4.726617796677335,859.9697784861364,0.9478887973954706,860.050743527986,0.5367777364461148,860.016165469613,0.4713306796159217,283.0989147271133,9.319449011970152,279.7119285119564,6.338402316005159,331.7600208185763,0.09832770269722363,332.3714956486541,0.09918421191259652,위험
34,68.92838645615866,5.0582374146717815,20.731245408402923,5.742876229400371,99.99034343684761,0.7580546752055123,100.00336961378845,0.7515354264764779,66.51198683455114,0.3057232553495487,73.01807345444938,28.82036702491186,55.772056765396655,3.6449974016381432,54.30162582202505,2.395399991757975,70.80926896529228,2.2512659965278754,0.450311871868476,0.0038742588837732453,859.073959907254,4.022293785804138,860.0118529027544,0.827188628080876,860.0669965323494,0.5652513787277641,860.0083359811255,0.4829601139498703,283.66712356471817,9.594384425647785,279.2675165028153,7.11161075428041,331.9332747081599,0.12095772232721627,332.1482142938908,0.13376059665716317,위험
40,71.63218597876414,2.7477740002859004,23.782408598943192,2.4073715981086563,99.99321414195292,0.3982299524735633,100.01161664025116,0.27755222184005607,66.88724585845348,0.3726969057624728,80.6999734829489,25.605270830881274,54.372991583933455,2.899550317854998,52.07001947262253,1.7015638621837195,70.69192251391664,1.7779885827714754,0.45035634789788836,0.004447381443169573,858.2688059286868,3.804645527357119,859.982429632113,0.6099197410162472,859.998807879371,0.3600516901427403,859.9897013014721,0.3136521717698718,283.7742047710486,9.67724536400372,279.7188139687281,6.2931090869721995,332.0668086500656,0.12733107814943828,332.66743215276296,0.07530717099595101,안정
10,73.31347734080904,2.438020349351908,22.52232218615754,2.190949340432898,99.99925828989433,0.3178325299672663,100.01954458241636,0.21190539242932202,66.56090713579978,0.5825567128334844,77.84816257706534,16.389962547227636,46.510376381987435,1.8561629799529409,51.163043075226526,1.4798313893081567,70.52089009557216,1.7168686602341683,0.45002312790193005,0.003567255474908279,859.6157595594293,1.8268315190474171,859.9968143650519,0.33676067022074296,859.9957800334813,0.24253996100183411,859.9965095904843,0.29911759701895013,282.96794756798,9.352406058291406,279.85770942592563,6.475785291744576,332.14461251382875,0.09247861936871764,332.5287566336331,0.09912307218010562,안정
82,69.45965604428163,3.023925370156652,23.02185544730557,3.1670466580600776,100.02765349620212,0.35715307745042785,100.03451907288692,0.341756703529145,68.41848370144912,0.5154295891150782,77.24358427070428,27.846585452014725,55.30611002531918,2.5598482846502986,52.769908085079635,1.5767915072174712,70.75682501212088,1.6234869554599216,0.450333328628634,0.0037872504954715334,858.8588227073628,4.262929658158179,859.9991182190379,0.535748191837871,859.995836017885,0.3001754861378301,859.9951647632387,0.3113570185370252,284.6954579001239,9.72266160588668,280.31375526585146,6.4328458800212,332.004611081183,0.11500568479106597,332.7338066314712,0.12291654268483088,안정
26,70.27513157390996,3.375115480949991,18.658904083421955,3.329064988521517,100.0355935235732,0.4465761420923322,100.09349200780395,0.3006415437970831,64.98726646933711,1.050016100072721,75.97612058802554,21.36961296564978,56.570505090393475,2.7338074666913177,54.15125409783765,1.7262737906145131,71.86337900035448,1.5419357238467315,0.4500130937610776,0.0019558290624495677,859.4931769230769,2.81615747578234,860.0245222365623,0.5833705839722735,860.0185133995037,0.34524437215950166,860.0183568563875,0.3001860967231718,283.8970394771918,9.542163900980317,279.6138607231478,6.489017477130087,331.9495826657214,0.11604020298574703,332.2535172171839,0.10371026885427989,안정
32,67.85087015990862,4.43513763660935,20.004685160543183,3.5783372743697943,100.0391679802018,0.6499210329612076,100.01024749349578,0.42955512214175434,69.21102220635827,0.2814345645673705,66.41978868070943,23.879856188115305,54.23841757408465,3.2612344464224154,54.56570383590329,1.654163433775148,71.66249113205153,1.6116290482160316,0.4105184056412209,0.06172018970735982,859.6157682276794,2.7062407117257403,860.0319459991117,0.5232506412484963,860.0000812551558,0.3183216248604954,860.0049405856348,0.31901059596519865,284.1394315090793,9.603879533335924,279.89831466485407,6.8407840715298445,331.9230161938417,0.17091677858224702,332.0545337584872,0.37684366792218055,위험
132,69.71880781828264,2.6623436389690625,17.836625443986353,3.0982250139209,100.0242069906038,0.3145472271571769,100.00533079816282,0.25992344017485947,70.12839574337275,0.49934533957639193,70.13653481262884,20.66717448941644,56.42208890034116,1.7758010012462515,54.47573968452014,1.5798321641916013,73.05427879220764,1.3196624767675336,0.4501026001530987,0.002625983554868,859.8494045242487,1.881972796022531,860.0082526958672,0.3001864964839399,859.9881726339012,0.2063719855650006,859.9986613670155,0.2063554426819902,284.2365120303635,9.317356553830388,279.9876232984651,6.612269412571999,332.1557416175124,0.173037866691508,332.16246575880655,0.2607125880598609,안정
62,68.44629129035849,3.512669490979435,19.504619645391852,3.7550943441635227,99.99635585918294,0.4752484480223897,100.00655650139699,0.4472170740751547,68.02273115003968,0.5666047510380873,74.78027054644404,30.616972335984208,54.06710402210096,3.2647349580468203,53.82270975120093,1.9372584540438245,70.34136212774095,1.725719696731386,0.4503751418064299,0.0034827756808783195,858.8517225770901,4.6607841812638275,860.0038878072456,0.7211638216776246,860.0062866621286,0.39903046611967014,860.005531908093,0.3509132103026396,284.20006484133336,9.702558767057203,280.29853604192635,6.696067830004361,331.8571430028359,0.1114875605290562,332.56491959229896,0.15872217695393542,위험
57,68.92047982501023,2.753646009522643,19.304510582275892,2.5547472984235196,100.00460209271387,0.35022430944064137,100.00871861185018,0.30074260141107834,69.53276385847319,0.5132099467382266,82.81692686214245,21.222801380581465,56.971733785304956,2.266736661116028,53.604231986799014,1.3873824224840139,73.73485154267294,1.6226645532160513,0.44875194793798606,0.008883682256711043,859.4675536854888,3.1640238260220492,860.0225556948424,0.39854720843795766,860.0050994678675,0.24202541476803177,860.0150449754401,0.2480755821244443,284.01923841076547,9.574673523339504,280.6001025378633,6.362044544022614,332.06828474212034,0.12712547904808896,332.54075411891114,0.12869168920592372,위험
73,70.70028270464861,2.752118511543666,21.90930901805186,2.4059497429082706,100.00858519956174,0.33022382245395493,100.03636391736264,0.256137474418166,65.81123030364688,0.9137798754880979,80.746781822089,22.205122830902386,54.77955457818125,2.5464762752483785,55.931892112485,1.497673376327567,68.72168110189388,1.233548728849991,0.4501376947148745,0.0022231234524834956,859.1629791673188,3.47779352055932,859.9978835028957,0.5165328858161962,860.0030837822485,0.26941894251499654,860.000168593823,0.20831643683482187,283.67554610504897,9.469376722744675,279.1847082063458,6.47156799484664,331.9430375176084,0.09950535333306007,332.7647466270152,0.10631906164309497,안정
133,69.79902943474512,3.16445920259214,17.91392877707727,3.4461342076508727,100.02848738010562,0.3479584032662943,100.02617814797254,0.32328569946133473,69.69584037881236,1.1398304437956723,73.65167130391205,23.257463895864376,57.58838511962497,2.4571747270914552,54.36783892391422,1.5986774102109353,72.70434319161548,1.6110043876672353,0.45010392407587024,0.003240961682202745,859.4943037896969,2.4841627555462664,860.018615618424,0.4679655517278385,860.000664268779,0.2913175813979302,860.0023955291342,0.3131493062680348,284.19084807091286,9.223516236405649,279.9777990799579,6.537934733341848,332.2092593885611,0.09627433055307039,332.1257072878747,0.11801724173043977,안정
17,72.63021084080185,2.6592414514920875,19.26661469443543,2.385616789733086,100.012673353561,0.3572110994023031,100.02246590034387,0.23421016560639638,65.84264931098186,0.4088378449964299,75.94698590577427,20.623338462359715,57.43589508325636,1.7276731868799389,53.94080761165339,1.2458340984638465,69.98635697131587,1.5650037264273504,0.4502299630027211,0.003294235893689044,859.567333275083,2.1549693446899414,859.9949523928401,0.32714799912146636,859.999796987391,0.19383001157746457,859.9964424694809,0.2857481745170601,282.9194112595998,9.511966491918992,279.4618378935018,6.125629276886579,331.96245586289535,0.08802102699053785,332.1957691040268,0.1015221784011135,안정
126,68.78687128854709,3.514220872654163,17.44593620108573,3.658021061640409,100.03888180631726,0.4120086060193815,100.07911062505276,0.31207781640420706,69.22108177573348,1.1122658188168355,72.34976368839628,26.913515070307255,59.28422421397874,2.435697244459729,55.07184755711377,1.629669950860307,73.1578026389203,2.348560351852172,0.4502663744250923,0.00397844796586962,858.9051574304456,3.1595773878684192,859.995991125192,0.4865045898617793,859.9835698822176,0.28467494907873203,859.9970367186911,0.47205701340444517,284.8578995062641,9.524472399289099,280.57179594750187,6.836881040683061,332.24264050108076,0.12431473364971535,332.1744234861463,0.1632700192327284,위험
135,69.03282327141582,3.7813600704941783,5.23241773149269,5.488640019995098,100.03352472073499,0.4183617998540188,100.24906601660041,0.3834018567919619,69.57196605460116,1.1093597556026147,74.53560006250514,21.76320340556873,58.455979823166714,2.678844095599065,54.784514644976156,1.8399080580930738,74.3966809768488,1.907733396208206,0.4499952425446931,0.0036275280752730774,859.7048291387133,2.717223749848582,859.998692563955,0.4987402416405753,860.006895916547,0.3378005586293589,860.0044228843484,0.3397885033052887,284.42305191187734,9.276226930347216,280.5544134961748,6.4381913636411685,332.164561369214,0.1356732960624492,332.3190043138751,0.19686047323758046,안정
93,69.68703394439352,3.508940002152827,17.942251660556064,3.805312921080479,100.03889523913679,0.3954046054910616,100.07259225024056,0.29496480823000143,69.88317380843263,0.7222414899470221,78.31765905145127,27.539438749550015,56.622872509929735,3.0195238980822907,54.14087004277422,1.8475783115622302,72.03292294149098,1.5595914853965651,0.4502654021921784,0.004635363685542977,859.2899360471429,4.63857092904303,859.9904679529585,0.6363580902239163,859.9956107372271,0.3736049722326167,859.9990224946532,0.28645255755160653,285.46968273188133,9.310114507042305,280.93406782596827,6.8173291963645095,332.11837730665684,0.1276594498486084,332.6881743581392,0.12548407168132858,안정
8,73.61238095224624,2.3990466553632235,21.973322247651918,1.9331143153349803,100.00030130276112,0.325894699585484,99.99831866640474,0.21660036635436686,65.76444113669797,0.358651591416519,76.14557810089397,19.461288454946754,44.96796234581872,1.9087799782353658,49.996047725472444,1.2976384436571393,70.76672436771528,1.699932983332702,0.45059851053807853,0.007301493172197602,859.5505604766662,2.0448625868303485,860.0032913402009,0.3120864536094933,859.9945567783184,0.19007846042530813,859.9942992791301,0.31034269815239224,282.42693255136896,9.246962575409231,279.0910994300022,6.291253066646245,329.16299907863726,0.11986640956307025,329.6114467536601,0.0804006993828533,안정
120,67.72176442712721,3.772940151286412,23.140906753720863,3.3962339371856096,100.09175639567538,0.4330757280962384,100.06407417158103,0.3231784568199131,69.0003294989544,0.4927572635230592,74.22677459709352,31.336528837698186,56.01128637320977,3.4919322601592304,54.85122465599551,2.1291059856281564,71.46492715529347,1.6586991381102856,0.4501379121033418,0.003622733506044501,858.8813788963774,5.733956970894263,859.989132216612,0.7662308533968943,859.9888323504633,0.3901704452973227,859.9942797669194,0.2913194204797874,283.4838021378532,9.381529788931783,279.5056134268266,6.872720259246851,332.05947054660453,0.1419857057538492,332.0585649885397,0.15751516773268123,안정
118,66.9048572806792,5.109441611371291,20.760795695909444,4.796146815201467,100.08845338950347,0.6544548882868395,100.07464285438643,0.5043477314758982,68.40378949060973,0.3972392233189788,56.06280281743205,24.976990762470926,55.42168757396449,3.0403952022182206,56.41802455621302,1.9569690994592763,72.23713625546694,1.6629342632960653,0.4500545706843324,0.002846321836188598,860.1368487051137,4.22508620858156,860.0179367498612,0.6664491652842119,859.9840745433497,0.4000647493670409,859.9639064483756,0.33559255963493856,284.38049864934396,9.134713028831182,279.50974984896567,6.8271581350029535,331.8450138880672,0.21331800247909463,331.669678569174,0.2012162117957654,안정
49,68.96335691896489,3.6176979891286303,21.98584807192322,4.495327215876995,99.99280483537845,0.4779233152190466,100.02799359374008,0.5278239759836999,66.32975662738427,0.4066324739649507,74.6441596667841,31.029090787892763,54.19500340177378,3.235342465077425,54.65433970963431,2.0146269496226266,71.39577486939618,2.062116519409993,0.4502741110436156,0.0036249335575761453,858.3677810994039,4.381612618601476,859.9619597610766,0.6674965178404708,859.9853201127266,0.39202362150256786,859.9795985299478,0.3561703922424229,283.5227271291459,9.68846733253507,279.7709162313206,7.045806727648419,332.06012780950067,0.1329688287614056,332.38237719557264,0.10605355601245747,안정
79,70.14941443580504,2.9028196700719695,20.875234585119163,2.608709816874024,100.00011746522962,0.41041012178919517,100.01052686895505,0.2867619471860037,67.72060787311435,0.49567511238288625,79.85405673568785,25.98268202595575,54.87087583033061,2.352715926477617,53.09019509766736,1.5829293165429514,71.0105901024085,1.6868419056071418,0.45014326090144763,0.002743002330731592,858.8839216559222,3.4247012655837707,859.9954300453901,0.4889683943364487,859.9947589228143,0.30197773052832355,859.9898317655984,0.3028069282069718,284.2339960866979,9.576490139064795,280.2029551868007,6.73261846128503,332.0612548163443,0.113221071503058,332.79658977811494,0.07542471033389367,위험
124,71.16829772897897,3.855961877939259,26.201103966466466,3.8579923994517804,100.00007906031031,0.5488083390213674,100.10490178928929,0.43258205661261995,69.89900394664079,0.3372190198628368,78.07936519331831,29.029043088868214,57.6139168480981,2.6230367011812588,55.29260429640029,1.5697113700050351,72.24694179194464,2.074256156920176,0.45018764964964963,0.0039050701567943124,859.1372292917918,4.822198842523692,859.9811193068067,0.5902611980647801,859.9618928303303,0.33546491355884456,859.9477426463554,0.3858772213976398,284.66507319819823,9.303051634340148,280.64254542042045,6.900000027417847,332.20651632882885,0.11583725061310517,332.2036406216691,0.12277808028257697,안정
122,68.7537082738595,3.6375763976745303,23.938277606353203,2.736662996942896,100.05544953985397,0.4431518454238606,100.02603627765875,0.29424890964038025,68.83021508536244,0.399882514877101,66.68473371291631,27.25941502212489,54.477693328435485,2.17956964253774,55.03264159669745,1.9529874971209864,69.0338040757067,1.6481722332211115,0.44713844710327455,0.017562504919018285,860.1685338301147,3.6326776519172967,860.0239850121342,0.45652633889135025,860.0034124228836,0.313560063285771,860.0062851406152,0.29747640741569864,283.58238812983353,9.178230433139303,279.31403684940653,6.70823598753359,332.07313832674464,0.24802623010687364,331.9462245799579,0.29468962908513374,안정
115,70.45279998473285,3.108831348149896,25.87734049359228,3.039183263805336,99.9959761761826,0.4258658759741089,99.99344626083641,0.3950884965404704,69.93571679056005,0.6974869357535167,79.8964791106237,29.119880088956872,58.893517111720556,3.379232404324905,56.42115544529446,1.90183490346223,72.69406875730525,1.5703458209066323,0.4499523718605658,0.006038240206538778,858.2340907158191,5.3506086291128705,859.9826097931165,0.7198954992510073,859.997434144053,0.3888441129129849,859.9987037745381,0.3070409345133178,284.7201839997113,9.219414041077544,280.80001576934177,6.678565987913298,332.05260338234945,0.09485476804002944,332.4831248950013,0.09243230646126767,안정
50,69.78081487994235,3.2208043151542443,21.84878421561563,3.509188082110126,100.008164761944,0.4017860539686177,100.01085625438914,0.4002785232381109,66.8298203328968,0.47931200969127996,77.2213346911671,27.360398308032856,54.09155030566468,2.7232384872235484,54.62050626554474,1.7727593712772025,71.25227866971944,1.72661817350562,0.45014568530485116,0.0033447964589278342,859.0729910160154,4.0822020414875215,860.004278584877,0.5448769799326428,860.0028718881476,0.3258808782835719,860.0049584040352,0.2748760709224629,284.2656993909951,9.598593916762955,280.1353072063843,6.6063236076487755,332.13098587898935,0.1211419738489837,332.37456370144815,0.17296502867086824,위험
76,69.83356992628087,3.869745022329684,22.034911674161442,4.00542093770101,99.99260009757413,0.5743165528514189,99.97981937045515,0.5228526991002252,66.80420775525249,0.3683653122688178,79.70103719711759,26.525074336076475,54.94456034647991,4.00906298391326,55.88745125322521,2.29756069102919,68.94322860670844,1.6146825692230624,0.4502420332104681,0.002091622001031658,859.09049406561,5.743124024921574,860.0014099260384,0.8818840750314053,860.0056850438357,0.4743750702674891,860.0009592671836,0.3210197016759661,284.0017051843561,9.454698644719981,280.46735295435747,6.290301023890951,331.99556562719624,0.1062090410080249,332.7524784147998,0.15874104760015373,위험
52,70.95666671787718,3.451467651553094,23.20968906529835,3.488065990322612,100.0046614746421,0.47139644986409496,100.010582080951,0.41839247574204735,66.69632669959302,0.39503235967425376,79.12873381168883,25.377496086877233,54.07392639715897,2.8024373372403923,53.33926306032753,1.8342230254166774,70.95346696921447,1.588882529533511,0.4502269251580727,0.0035350767268970333,859.1681863460803,4.173567616092537,859.9977764871792,0.6212448206692921,859.9982876039904,0.36842697197661123,859.9954236809726,0.28640981996522014,283.6796144966346,9.596336308566292,280.10699801874506,6.893161481277722,332.1239220646064,0.123878208414356,332.4750327440247,0.14433160269785858,위험
80,70.15346358871257,3.54846445760339,22.70690381237883,3.0544186986466095,100.00625388623487,0.5237656211721852,100.01810255547852,0.36957195676948545,67.44653416324788,0.5240929716503873,75.60593750575903,29.971972836549376,55.58228939111079,3.078712343986067,53.36040387018023,1.973759724741468,71.26094266532634,1.7963783708926297,0.4503579731815897,0.004997826334678833,859.1113652617217,4.560642207817181,859.9863207438788,0.6848798486050608,859.9884931318915,0.4097641136088966,859.9930504774898,0.3798159805150494,283.62089182882175,9.801428932669252,280.2336244095439,6.372455679098452,331.98448301859696,0.12705040445880203,332.75400845097715,0.12425109136737497,안정
66,68.66159686895011,3.440113070239549,19.467601148548027,3.0652401847170716,100.01359814200937,0.46371948707108734,100.01192387119504,0.354416804740218,69.80059706626955,0.8384850945344448,79.16208417542599,26.32898935146746,55.622415018615044,2.908994694779063,57.12131264333582,1.778094970648456,70.06069411392404,1.5006154930214644,0.45016081813104986,0.0031617798267137578,859.5247515264334,4.030633753944422,860.0387777845652,0.6422904428492485,860.0215722522601,0.35963316057538897,860.0229522680079,0.26194443340074136,284.0620690860604,9.531276776680459,280.2369681423468,6.239190594781409,331.8751474658104,0.09811919186098125,332.490197892536,0.1400570643773927,위험
123,70.25984278475592,4.41211701469049,23.523142146731374,3.491936185394813,100.01366451612904,0.6362234484986526,100.13108371395947,0.45373781212534814,67.2805775906366,0.8626851173718559,77.33693764946499,27.92975191018007,56.766698351413076,3.0263310596791113,55.9737911004853,1.8598231076640637,72.53710502426492,1.8211635944968365,0.45004942913217244,0.002680991432534319,859.4743777476449,4.636195490168805,860.0097412218099,0.6858233789497742,859.9950899942905,0.38100609327567597,860.0169536825578,0.36404756784198306,285.20686568655435,8.923070989548657,280.7205015700828,6.62508802591358,332.05152355124176,0.11086462838256836,331.8688656865544,0.12032820013388333,안정
83,70.38904994687579,2.868824319519069,23.19264119504174,2.67469336594147,99.98938037186947,0.41585487396817356,100.02251954717936,0.3403511732329097,68.14478141411587,0.4987436668829425,81.58877390249306,22.815892590987048,56.01054352643562,2.5854564897981835,53.16897842651151,1.6755520883328385,71.32632745003795,1.8652902504376918,0.45007587654945613,0.0026978209318910366,859.1186508474576,3.6411640067392166,859.9827012395649,0.565313127805409,859.990363192512,0.33203248271009267,859.9801622059196,0.33314738741737265,284.21584007083226,9.668038258975661,280.476145256767,6.104218628011531,332.09443862888946,0.07327530599993552,332.8405148494814,0.08558803522436474,안정
128,63.11382191802859,3.767969399109079,12.710300810606435,7.366896625026785,99.99586784088905,0.2554537796091279,100.05031286659907,0.26208707324545116,68.0242446704036,1.247859450582573,62.326787628830516,16.328748008918573,57.25614064125597,1.8221684862414669,55.66809812202491,1.6917963505247062,73.13770121690978,1.4519779491007105,0.4500236398202723,0.0026951072140364127,859.8655770930189,1.4386230839918375,859.9971447934802,0.29455550474811815,860.0064544106675,0.21641044751532237,860.0026278133128,0.21468379337685672,284.78126374088885,9.4126962779158,279.8735360324409,6.80902955583265,331.866685270035,0.272497404231237,331.6508857141946,0.4316625924358425,안정
70,63.64341327695928,4.863625706466974,21.91331776857583,4.119139661752802,99.9831867303054,0.41577255831899645,99.98107890477436,0.3926235306547117,66.05921845087613,1.5950450817362212,64.20116513733473,23.72484571643103,53.874596752680674,2.827404920414054,57.4182733748874,1.740193543329168,69.89377275884114,1.331844972988998,0.4501292130880772,0.0029889226751900737,859.755420393456,3.2578252950267594,859.9918092435997,0.5338882797754011,859.9984717112719,0.3209442643447264,860.0044933310087,0.2410310414163295,284.5184892627786,9.576169512458288,280.18100675616773,6.306495989971681,331.61743729114,0.2324429516143883,331.90839313631477,0.46341286742612525,안정
46,71.34371396060621,2.0686727961428297,23.355332645505257,2.012052046900039,99.99967529495976,0.265945231644396,99.98877736932656,0.2628641468659471,66.36382857322239,0.36861878852464897,83.93965417317963,17.832552603924057,53.886202645998914,1.8070473959063682,53.33058151009527,1.3734559302478573,70.00311482944167,1.3649386565659578,0.45009118568889767,0.0024049513765423284,858.7955940168831,2.2715185969982543,859.9930733892832,0.3690332757556741,859.9954179789702,0.24824493506810538,859.9954981734709,0.2125469289356883,283.518692147198,9.574962132672582,280.3611941797897,6.151334692648754,332.0363529478494,0.08819743064234549,332.79464544315033,0.1091376552765678,안정
68,68.81299473897619,3.298978740867743,19.845464443487074,3.0515320587124486,100.03635309666427,0.37533353473014425,100.03966346933605,0.26599670883316195,67.89355744212399,0.393687477839711,70.64925570886467,25.862732180119174,53.95569096553472,2.4125378382979044,56.46090670045616,1.75716816102566,68.23277584389254,1.247996851665438,0.45021165651292444,0.003976031582654497,859.7781013684745,3.211031384595888,860.0199821844907,0.4445379251832462,859.9823599847947,0.2753043895239264,859.9955432623951,0.21810668859381324,284.39693886598025,9.659449237842493,280.5466022685549,6.957173876533878,331.88211534032365,0.2260796368680833,332.5271350228079,0.3404833890621602,안정
88,69.95822579051384,3.6587908398720037,22.87050399817574,2.444377267867706,100.02514278613346,0.5831228461183914,99.9947752964427,0.33536301336458146,69.28660593260255,0.4430695810599913,82.4236633659167,24.262483567963745,55.88963040437823,3.5032424403659572,52.58615918212223,2.077949970467145,69.69488599878383,1.9580804826397387,0.44991138864396474,0.004348837637833933,859.0478680449985,4.433823242708481,860.0223633323199,0.8353834175582402,860.0278406050471,0.4716852695186751,860.0094857859532,0.4433489620799901,286.43824505928853,9.628960118815328,280.20107841682255,6.560533943926468,332.2805611888112,0.13662591670731908,332.54481073274553,0.07908280367897125,위험
69,68.16417152648717,3.050755848669466,22.13613617382596,3.2945133547234846,99.99141536677547,0.39276801915114473,100.03805301538497,0.2947013942237112,67.77169618149803,1.239056889205843,75.93061040746007,28.114801740876093,55.60176371894082,2.961512589302625,57.47535585517171,1.7413834815007838,71.05525729470881,1.4837106861093596,0.45017133603059456,0.0034628223345509446,858.8482932700567,4.049876910467001,860.0106862437726,0.6076556918451778,860.0024496891486,0.34193292382323615,859.9933910195844,0.26637179243467657,284.76874020786806,9.488074330822615,280.1325686176141,6.596950511295158,331.80654018634044,0.13107453414084796,332.37358856060547,0.09222594063046027,안정
117,69.76304729729729,3.231174210042796,22.736779997324057,2.518749545971259,100.01447055755766,0.5419734412141225,100.09289417850539,0.3490295455383253,67.67860674893674,0.7903114450064866,81.35275668843992,30.378578673572825,56.882359345731864,3.7996959544366358,55.531717681295156,2.3269102406057063,72.25164023280706,2.0485767842234828,0.45025956248327537,0.0024394475725656004,857.8842154803318,5.283823983254287,860.0051108509499,0.9008486629004844,860.0041875167246,0.5288927605673122,860.0078296762109,0.446075709376291,283.72036974846134,9.207661904382162,279.74243938988496,6.599277010437428,332.0969698956382,0.08746073709654158,332.10530739898314,0.08818342326207436,안정
58,67.99356989459389,4.541598203084852,20.263691337299534,4.785373381975852,100.07901548722012,0.5075371985403926,100.0461918417065,0.48064464747101576,66.88070612390068,0.5281814974924909,65.22872721385153,35.76799189325423,53.57418416645111,3.8776719614530526,55.25188786859803,2.3715217221229574,70.14659840274184,1.9984249717450389,0.45045653003750646,0.004620703941248346,859.0115024977545,6.149562401864129,859.9572626935736,0.8362707787396595,859.989980292244,0.5077129303326455,859.9880715425073,0.4239715308282426,283.6645728142783,9.613142274110567,279.76674208818656,6.23659816535093,331.8103288282462,0.15103025160421715,332.26893771256044,0.20771467835874963,안정
33,69.89793750305144,3.3459596941245437,20.76410160592851,3.1236179107258804,100.00628425342603,0.5204751278161184,99.99528395205859,0.3320167084624785,66.29833591425921,0.3839191447460826,69.5150789485353,30.252280304828968,55.08069614123801,3.414935757551301,54.17029681734961,2.265074943924114,70.76205225937227,2.057192735585406,0.45053969284655626,0.004990949716514751,858.9843894798024,3.679164674218585,859.993208456844,0.7571179370960514,859.9768504402789,0.45267552226828245,859.997223027463,0.43527950726411446,283.7884387242081,9.693215542566438,280.0018415052003,6.245315990964992,331.9863473234525,0.10376068332414312,332.29374049258934,0.07829288757978416,안정
106,69.393774486817,3.866425305287333,23.534613108061514,4.055916740776429,100.00273480842193,0.5201911034432481,99.9940635767717,0.493680359897419,68.04135913901708,0.5250459606339909,76.89869427839919,29.11810921795166,56.02846726087856,3.2278790174618224,54.587705937521555,1.89978462561602,71.64726540928211,1.8821005150144063,0.45023585266533345,0.005053516047304925,858.9079617612579,4.599399561454552,859.9967045639773,0.6808938779239005,860.0033960513971,0.37847379782026397,859.9984868514815,0.3725600197744595,283.76170718111393,9.279275085169722,279.62770929190765,6.8693425518734745,332.1562531603089,0.15106899099216298,332.18753714337817,0.13416408400711788,안정
38,71.23579614955551,3.9449162905330644,25.113717925745163,4.124782944352629,99.99928863682015,0.5396979370975947,100.01137797455115,0.4564035144561498,64.62159183864574,0.7116531733317722,79.23730004135389,26.81633469891351,55.21273571030155,3.126085769786822,54.359017014699894,1.9895089246442694,71.35273261286386,1.7700563636010591,0.4501633565161815,0.0035197788460824735,858.6539128464353,4.564483592229335,859.9792277722403,0.6900439299083566,859.9919862270848,0.4069274511400051,859.9890996746267,0.3199278627462628,283.41370219626987,9.449144958937794,279.63971451978387,6.451744541513322,331.8815871698043,0.14461998073098634,332.53027671256757,0.1907145289307801,안정
103,69.62077094789609,3.501635676461156,22.03303464377943,2.8929383871358323,100.0420164704542,0.4125297613133864,100.07999218821205,0.30015766291985035,67.86563852726721,1.0344589245336815,79.28568010625627,26.29016775187491,57.82012825459517,2.966896713596086,56.09300918274342,1.8950151317231887,72.33304498329029,1.4640003292232024,0.4499813188136108,0.004916119017280251,859.1586648944251,4.593531571417406,860.0126669137812,0.621723658451708,859.9998216998329,0.35842573863633337,859.9998980646128,0.2912664355105783,284.6272631646506,9.581972951016946,280.3199269957359,7.006118609485315,332.14869996192857,0.18301309323689227,332.21330745051785,0.20168019320787423,안정
51,69.89503512427395,4.06640612330287,22.161157053221668,3.7151801297496236,100.02658343576928,0.5433946712837388,99.95905477509118,0.5242084383538433,66.57177279818993,0.48075116934606243,75.12445613285898,29.15331135686619,53.29224392138322,3.4635585280316707,53.99634701472376,2.1651528385813013,70.19376119140888,1.6918937680265562,0.4499622168039984,0.004054831400018709,859.5237890382277,4.942657051211525,860.0015095569364,0.8002449366214287,859.9993123733622,0.4590130599203748,860.0043299000405,0.3311261797260227,283.55130089153045,9.577287495579581,280.23252971768204,6.705214469099726,332.16201793191954,0.12015036284543389,332.3547039375929,0.18908485288673316,안정
107,69.36509797620488,3.1193000132305877,23.655971447899788,3.2619786326096665,99.99489368244143,0.4279921817140704,99.99403965935564,0.40323535245347947,69.10095385945398,0.6080427503863398,80.84157186118756,25.005226503169173,55.86503675090078,2.866131196587097,54.528053639397385,1.7643538859431684,72.44862981283099,1.6041180083470101,0.4501908104050932,0.003962684942663524,858.6139263938933,3.6986973780551233,859.998367973303,0.6118132403547232,859.9986864435471,0.3517235754231957,860.0012220951321,0.30432271988248727,284.7415477111697,9.274619436036916,280.36419448774495,6.864930398046168,332.1584524677774,0.13660503775459035,332.2914561265205,0.184324671641749,위험
42,72.38254933000395,2.7550951177266234,24.467155226216377,3.0253059259063755,99.98654410601266,0.41258489272728927,99.98091465585442,0.4015311701276107,67.82920528001911,0.31354711969978977,81.70649770168893,24.906428537688107,54.881649619264245,2.5370192623580077,53.25658922320016,1.6663672176780973,71.02344154222705,1.6473801836743893,0.4503268248615507,0.0031919729566506276,858.400258504747,3.619257758511764,860.0098741419458,0.5332501462888333,860.0127507341698,0.3295225839555201,860.0161619837493,0.2714574700365785,283.93287616198575,9.523153480572338,280.01347402352246,6.4031144875445545,332.03785704933915,0.1134016809921631,332.56576241099685,0.09787538242724562,위험
4,72.7746476600193,4.1592205125491155,21.865150910260535,3.62280551515789,99.98350205853971,0.6553470093894974,100.04370963332262,0.47074930839546303,69.32097713895142,0.9917054224221373,74.77383550294628,23.55400998435868,45.16903419909939,1.5090429104360321,50.255690825024125,1.7672425423755398,69.76854490189771,2.7003516894900352,0.44998384729816665,0.0029627936338017997,859.8176676584111,3.6836206010969477,859.9566775490512,0.29559316759906473,860.0242078397962,0.31901508141949,860.0072011835551,0.5711692683973244,283.58164787713093,9.70556189136503,277.54476865551624,5.36590074546593,329.0108674385521,0.09668912535753899,329.11454347834984,0.0878968641336391,안정
102,68.54434116475771,3.6403002616525453,21.08937914889868,3.4510323872220523,100.02671028629403,0.44609770715969777,100.01510547488986,0.38447290882603474,69.55006100145243,0.5870346402418837,71.70029680961056,26.175674621226943,55.62489804757709,2.5716685749079846,54.35284298325991,1.7366558687575375,71.01438108546256,1.6539853877103077,0.43017536840528636,0.06317204668707573,859.8822972063152,3.347647149459503,860.0176398414096,0.46270237552930227,860.0084838387287,0.29341705485394326,860.0031003319363,0.32030475566444117,284.7763575154185,9.731038939991851,280.6495284933921,7.025378328262458,332.19498147656395,0.24584971598913533,332.1916797356828,0.21289210544380102,안정
67,67.18758544303076,4.0884761337825966,19.45681971421324,5.060961215305489,100.00091580323553,0.5390006166255281,100.02892879268337,0.5460167330813356,69.33826291698018,0.3859743664837813,74.25279105644253,32.01333604509296,55.718762975408715,3.6300953582487816,56.402353377454,2.030951817653889,69.4529003673872,1.7756351547088827,0.4501373545927674,0.003657603281554173,858.9267934913469,5.508436276430672,860.0172911545857,0.79292512291501,860.0113905003763,0.4036654912640411,860.0151433139847,0.3276556482838191,284.8162671338099,9.683542702437228,280.39565163656886,6.75840459265817,331.950362020316,0.15069267100712194,332.3771640581891,0.15745486039107354,안정
39,74.46501588785047,1.4302561311722375,31.344609112149534,1.3247520054122621,99.3702046728972,0.07860056296992508,98.86379462616823,0.046353543721992796,65.0102598130841,0.05661240156742418,94.09655864485981,2.5605034411137635,55.72230023364486,0.9947858897843491,54.04089789719626,0.9471819707363717,71.09821401869159,0.9160234628146516,0.4497075083637153,0.001319612333559797,858.9592357868618,0.11279079322386522,860.0429556074766,0.15905307863366014,860.2102933260687,0.12083347265735407,860.2540078926103,0.07393003264064289,284.63606531482054,1.4632415127863072,287.5842662503575,1.0366039938908582,331.9915992192391,0.05065769481033976,332.5867336448598,0.036955614651385194,안정
37,71.38960228892765,3.362161965253516,24.025129297991157,3.1616019533830038,100.00260463506658,0.4692111259168223,100.00114514304167,0.38379380603107216,65.47991778073849,0.5283659458860951,78.79927050703225,28.38223398507924,54.65639180141606,3.2078862414409683,54.07128840238243,1.9523622146828101,70.64245647449474,1.6215903204140225,0.45015093584979105,0.003362683029639652,858.504692721824,4.744611417394338,860.005320421033,0.7008416947275422,859.9963073362675,0.41395143261559514,859.999214401043,0.3200910798615891,283.66732980590984,9.557384527285723,279.76314876538567,6.38049630816723,331.98359401280123,0.10520206851257997,332.638875224258,0.10734615115610613,안정
116,67.77697644623713,3.6448884141779083,21.574189657502743,3.5388855958617333,100.02473815142034,0.45574291615930107,100.016527769522,0.37598248872869816,69.06010748298317,0.3776476353688494,72.21931689472767,27.434738267265562,55.421077615610514,2.737704269376417,54.54784389661395,1.8101479218943932,71.98861126207409,1.741307349617458,0.4496859996461805,0.006044089622004465,859.5515764426989,3.70913097385993,860.0042226055266,0.5570232256398802,859.9889929032278,0.3303159004514772,860.0011138672354,0.32812723894983936,284.3261635645823,9.222890033270671,280.0858247116675,6.704533051094584,332.1174708629657,0.20609434597038107,332.06332491242966,0.26478798867110537,안정
20,71.03889682269504,2.776113436977839,19.339755431627374,2.6963090669799357,100.00224530994824,0.3719394412642269,100.0010714771725,0.24169095503520277,65.4744554406695,0.48191602882215323,73.04949468381216,19.407285607972472,56.86959762468852,1.7881081344310958,53.109302943837456,1.59769729526482,69.43982357370136,1.645660604268156,0.44994354343492426,0.0028320201927323125,859.7347162904932,2.005421038658325,859.9890564577344,0.3370163271156307,859.9936322714204,0.2466832308270506,860.0005926615146,0.2915102807363901,283.83106398278505,9.612070931367137,279.8057164347326,6.7685701195240275,331.91716716808514,0.10506314514493206,332.4448605795689,0.14786144650229838,안정
90,68.20929863734679,4.395854502472111,17.749368223143478,4.404848044374916,100.0044317519827,0.6100574298998918,100.04464439727104,0.4918891837522205,69.76983069513722,0.7483544266413087,74.54291311739094,33.119760259133145,57.238694138428265,3.360899140226781,54.57734238284066,2.1651969324714666,72.13025640230714,2.0078638099012878,0.44997142198990625,0.0069135377594335915,858.8175158585716,5.745727457727961,859.9915158615717,0.760764176542431,859.9904100937274,0.4436134272515878,859.9898696632785,0.4243466390024518,285.07452751633605,9.544129897216147,280.62813045981085,6.67857496126922,332.16379413094836,0.13623939926350553,332.3972742926211,0.19715648440630873,위험
31,70.34369022279158,2.8566046077457705,20.734253245968713,3.0247775926177933,100.0058367282169,0.41086383552920536,100.01967696348984,0.3137692902295876,68.10148390338496,0.33344205397383603,75.54009403273542,23.776044365124662,55.58488263437685,2.5793924777216617,53.71630933947293,1.6166212856826225,71.24137814744859,1.7032194298261212,0.4503411616576742,0.002098781549160379,859.1796684091356,2.7011607482264157,860.0045082693443,0.51778464457767,860.0012804267284,0.3097152653868212,860.0057934028711,0.2925197001123279,283.71265555347765,9.530168643863904,279.90103486687747,6.569382828068488,331.9811856131755,0.0956396061383504,332.1654055169235,0.12087084449455483,안정
63,68.05611941909315,4.102560838668671,20.10496327249022,3.0984213254180686,99.97381806802737,0.638562299203419,100.00770390991588,0.4569288613726619,66.16860679414748,0.40334292930926047,77.39298899927567,27.619684150964797,54.09025859046792,3.4750240376831423,52.98561496450819,2.057595253286533,69.68765805446907,1.775720516849235,0.4500532945820657,0.005534328336850225,859.5362425756917,5.232954192456654,860.0006954348606,0.8105885701393872,860.0039682321811,0.46456239854413195,859.9959493972212,0.36090416039570344,283.82777593845606,9.819165292926158,280.1789518325366,7.234540050018888,331.88675260013787,0.08837899531709219,332.60476549279423,0.1009916023477526,위험
47,69.43808103503568,3.249963835311971,21.35236739998396,2.7309038241417345,100.01285434137738,0.46717967516629316,100.03250123709603,0.31413988506321827,66.68940281808706,0.2818292486040129,79.38352464861701,27.44845772988655,53.6046938948128,3.3857596634449867,53.106613501162514,2.1087310845744893,69.8207313277657,1.7682976918008522,0.4502441134450413,0.0027791603849066037,858.4370031852156,5.079149694752427,860.0076166519682,0.779099658325983,860.015229850391,0.4517938504228786,860.0118326969994,0.35634576244320704,284.7314415537561,9.698591689602184,279.8266890465467,6.65347170287873,332.07915337128196,0.07410104540081752,332.7459383869157,0.08556320875498996,안정
85,70.00386960370776,3.300428441556135,19.49939443680675,3.402367995610698,99.99711464354527,0.4486690986764419,100.03950800135395,0.3309788736789452,69.1668950424413,0.6296963089495539,73.40385864485236,27.44459245938398,56.786253452585534,3.2633282403711594,54.948582734468566,2.1614591764022952,72.63322799041816,1.8014759498175066,0.44990716328177893,0.004753468890925304,859.5226862990157,4.321070517608692,860.0074025933449,0.7444828077106174,859.9817989116284,0.41901897061094573,859.9868558298182,0.37083286765547785,284.7577959693798,9.483224692242969,280.40715999197306,6.601548963629506,331.7968845492892,0.48633431846631764,332.5591692183513,0.3944526493872597,안정
131,69.48612668850181,3.1233597410289202,4.376535768449804,2.5143622381496336,100.01925967942037,0.3813828437715896,100.07948704282666,0.273450876623482,69.63990252344796,0.7646892945607545,73.5945342866756,22.971098169569238,58.07789568755893,1.9852472394916911,54.753844692571086,1.2877662096044458,73.30651958463599,1.7004366520239265,0.4502138554910426,0.003844107683577198,859.4465717044702,2.2614671455588473,859.9976936876582,0.38953799886242757,859.9961620018859,0.219931391726425,859.9947953887172,0.32817919084329655,284.62945793916504,9.221711818729485,280.41944144099926,6.696057871799748,332.18415143169074,0.110639129181801,332.21009762502587,0.1291763030227057,안정
95,70.07879717675605,2.8187732715914384,22.069660980135573,2.1055890332453755,100.01285582141276,0.3664598899173451,100.00860043707567,0.21373427651141144,69.3754274355766,0.7261942552985758,77.56297799528491,25.695120340181116,56.38297771510083,2.451194648404626,54.07747355003457,1.5738520069840145,71.41747798251167,1.727952887769935,0.45035436226421094,0.0044345412409889755,859.008614590316,3.1872215948210405,859.9936500717788,0.518463610280613,860.0015974918828,0.30896373062420024,859.9952391016542,0.309251427888369,284.5890105284475,9.578999687604911,280.7015456015618,6.858111200903473,332.05368554540973,0.149446830948017,332.57988201428884,0.16434256081663653,안정
7,72.60030929997515,2.752404956905397,21.03286151140537,2.5397912682324812,99.99792488621529,0.38370041093594787,100.01539191647451,0.2647226561594864,66.08204015821163,1.443590691349913,75.90349271319498,21.800042498330953,46.97312127229249,2.0639797659796244,50.04272749066375,1.6407665385697792,70.7096062807747,1.7804095592346687,0.45321047103878914,0.029674471602850517,859.245639565007,2.4918342483291593,860.002379803997,0.3835342267206557,860.0039104056124,0.2694188420148994,860.0027858849675,0.3140568213032741,283.0335816715062,9.326071182504437,279.29882403645547,6.378268157968105,329.14659753537165,0.1310857159715133,329.4706848865911,0.12284720473447598,안정
104,68.62952475219078,4.263658531282517,22.168093281137764,4.754191536062274,100.10300331090158,0.47554780698146404,100.15868727194369,0.4047897100260875,67.96249723813527,0.5574323580828513,53.29612251709525,23.92766477341617,56.071448663985066,2.962814142570597,56.33229112914811,1.7318631578909829,72.06055858353685,1.6044725671466762,0.45063016312311444,0.007186848386729706,860.8724832638989,4.038332248470607,860.0542208140846,0.5814178399243637,859.9905741272805,0.3227515719422959,860.0178617626308,0.3137762873700222,283.78899746096687,9.585430731849252,279.25461334578364,6.727890293793841,331.9774485273311,0.3137142110029188,331.89882398245896,0.40947455456769444,안정
75,70.54904328241895,3.2660234445900933,22.323174635286783,3.091816234010915,100.00823932356609,0.48302041072217117,99.97147242051122,0.4079249646351894,66.55758591801745,0.8230978094336016,79.97042979445138,26.870466297393968,55.51278248519327,3.385917051411303,56.312020659289274,1.9439892743215739,69.67821381701995,1.522540913320824,0.45027470421602245,0.0023769016115916656,858.6965710333541,4.886189093461703,860.0075980361596,0.7672548619841371,860.0058618298006,0.40863654607548344,859.9940098581671,0.2941287205155866,283.82330381078555,9.499317913028586,279.40780381078554,6.616100089175145,331.95727661315465,0.0996202985056312,332.74406413653367,0.13586211609909088,위험
43,71.30228966334614,3.287179013200605,23.531784272683627,2.6137588005759933,100.01737848497316,0.4284854199225575,100.0345982321261,0.30712289546693927,68.89667592913504,0.3635366257477897,79.7927765256274,29.707036638062974,55.52553345535286,3.285920938994064,53.311147323571774,1.9232552339851685,71.06909391802688,1.633366022296979,0.4506524264882381,0.004349014256085689,857.6155227573928,4.872176440152948,859.9774693438976,0.7232617067163921,859.9864380055164,0.4005260685348455,859.9916371957316,0.294816313809275,284.24195384216216,9.642231147485122,279.4930714505351,5.716744870862195,332.00798117096235,0.1456771491547734,332.56690472565884,0.1265628119128387,안정
22,71.59330482240532,2.953401123389459,19.343382030395347,2.710184333060109,100.00045308800111,0.43044300185992085,99.98101041334903,0.369885030161523,66.65082233203303,0.42009003244709375,72.829182633797,23.463447218973684,57.450325517551754,2.0410969164631885,53.59579199266081,1.2623299042380187,70.40346429758361,1.7744513839763578,0.45022786744443677,0.003011174142475295,859.7583050266566,3.0563931073260475,860.0157773966719,0.4122162683062533,859.9996590472638,0.2128338530741343,860.0011033157251,0.3549844763367582,283.37124828636706,9.564608429213314,279.73458145814584,6.507007381550948,331.93121970732653,0.09328907818138787,332.4713776706196,0.07828871261207355,안정
72,62.91420430940181,4.675308405989644,18.181323074155102,4.240982338184669,100.04944530773216,0.38192004396925217,99.96899994242617,0.35371268769013353,64.88888080776096,1.8821135295937625,54.73276140287142,16.261855845562096,52.90166289653981,2.196037517198767,57.89829233980079,1.387883068272402,69.46644950774369,1.2619497663370167,0.45004901206171916,0.00220848418334452,860.262596925557,2.8299216745329807,860.0073364902988,0.4344451596763353,859.9903644092306,0.25984395709801816,860.0116916897545,0.19626176201146142,283.34696699013074,9.444518223451876,278.221545981445,6.399909134031426,331.608047381302,0.20841581415825802,331.9382153950578,0.3339125838316612,안정
15,73.66453117864224,3.2261224858948334,21.961626655272212,2.860744295180023,100.00109836584303,0.49317238568201466,99.99718723388764,0.3657867390049401,64.86262277295413,0.3791697959890168,75.081821381247,25.244547149870716,57.35239774503772,2.3067382493643143,53.792261257719744,1.8631990825528746,70.21549877395684,1.8400995176926664,0.4504157989904514,0.003574127226096742,859.0516889442526,2.7440405287999248,859.9931805323519,0.4665085813509,860.0057607506665,0.3198208568660441,860.0115961707129,0.32275206693543973,282.4057769981255,9.452289091449941,279.45186667350333,5.818676720531353,331.96931513639163,0.10100907746135111,332.1250664079018,0.10693960873212414,위험
